rule,arm,successes,n,rate,wilson95_lo,wilson95_hi
R1,A0,66,72,0.9167,0.8299,0.9612
R1,B3,65,72,0.9028,0.8126,0.9521
R1,CORE,36,72,0.5000,0.3875,0.6125
R1,TOOLDENY,65,72,0.9028,0.8126,0.9521
R2,A0,66,72,0.9167,0.8299,0.9612
R2,B3,65,72,0.9028,0.8126,0.9521
R2,CORE,36,72,0.5000,0.3875,0.6125
R2,TOOLDENY,0,72,0.0000,0.0000,0.0507
R3,A0,65,71,0.9155,0.8276,0.9607
R3,B3,65,72,0.9028,0.8126,0.9521
R3,CORE,36,36,1.0000,0.9036,1.0000
R3,TOOLDENY,0,69,0.0000,0.0000,0.0527
R4,A0,30,36,0.8333,0.6811,0.9213
R4,B3,29,36,0.8056,0.6497,0.9025
R4,CORE,0,36,0.0000,0.0000,0.0964
R4,TOOLDENY,0,36,0.0000,0.0000,0.0964
