family,category,injection_channel,turn_type,style,attacks_target,counterparts_target
DIRECT_OVERRIDE,direct_instruction_override,user_turn,single,formal,4,4
DIRECT_OVERRIDE,direct_instruction_override,user_turn,single,conversational,4,4
DIRECT_OVERRIDE,direct_instruction_override,user_turn,single,structured_or_fabricated_instruction,4,4
EMAIL_INJECTION,email_injection,email,single,formal,4,4
EMAIL_INJECTION,email_injection,email,single,conversational,4,4
EMAIL_INJECTION,email_injection,email,single,structured_or_fabricated_instruction,4,4
RAG_DOC_INJECTION,rag_document_injection,retrieved_doc,single,formal,4,4
RAG_DOC_INJECTION,rag_document_injection,retrieved_doc,single,conversational,4,4
RAG_DOC_INJECTION,rag_document_injection,retrieved_doc,single,structured_or_fabricated_instruction,4,4
TOOL_OUTPUT_INJECTION,tool_output_injection,tool_output,single,formal,4,4
TOOL_OUTPUT_INJECTION,tool_output_injection,tool_output,single,conversational,4,4
TOOL_OUTPUT_INJECTION,tool_output_injection,tool_output,single,structured_or_fabricated_instruction,4,4
WEB_CONTENT_INJECTION,web_content_injection,web_content,single,formal,4,4
WEB_CONTENT_INJECTION,web_content_injection,web_content,single,conversational,4,4
WEB_CONTENT_INJECTION,web_content_injection,web_content,single,structured_or_fabricated_instruction,4,4
INDIRECT_CONTEXT,indirect_context_injection,email,single,formal,4,4
INDIRECT_CONTEXT,indirect_context_injection,email,single,conversational,4,4
INDIRECT_CONTEXT,indirect_context_injection,email,single,structured_or_fabricated_instruction,4,4
INDIRECT_CONTEXT,indirect_context_injection,retrieved_doc,single,formal,4,4
INDIRECT_CONTEXT,indirect_context_injection,retrieved_doc,single,conversational,4,4
INDIRECT_CONTEXT,indirect_context_injection,retrieved_doc,single,structured_or_fabricated_instruction,4,4
INDIRECT_CONTEXT,indirect_context_injection,tool_output,single,formal,4,4
INDIRECT_CONTEXT,indirect_context_injection,tool_output,single,conversational,4,4
INDIRECT_CONTEXT,indirect_context_injection,tool_output,single,structured_or_fabricated_instruction,4,4
INDIRECT_CONTEXT,indirect_context_injection,web_content,single,formal,4,4
INDIRECT_CONTEXT,indirect_context_injection,web_content,single,conversational,4,4
INDIRECT_CONTEXT,indirect_context_injection,web_content,single,structured_or_fabricated_instruction,4,4
OBFUSCATION,obfuscation_encoding,user_turn,single,formal,4,4
OBFUSCATION,obfuscation_encoding,user_turn,single,conversational,4,4
OBFUSCATION,obfuscation_encoding,user_turn,single,structured_or_fabricated_instruction,4,4
OBFUSCATION,obfuscation_encoding,email,single,formal,4,4
OBFUSCATION,obfuscation_encoding,email,single,conversational,4,4
OBFUSCATION,obfuscation_encoding,email,single,structured_or_fabricated_instruction,4,4
OBFUSCATION,obfuscation_encoding,retrieved_doc,single,formal,4,4
OBFUSCATION,obfuscation_encoding,retrieved_doc,single,conversational,4,4
OBFUSCATION,obfuscation_encoding,retrieved_doc,single,structured_or_fabricated_instruction,4,4
OBFUSCATION,obfuscation_encoding,tool_output,single,formal,4,4
OBFUSCATION,obfuscation_encoding,tool_output,single,conversational,4,4
OBFUSCATION,obfuscation_encoding,tool_output,single,structured_or_fabricated_instruction,4,4
OBFUSCATION,obfuscation_encoding,web_content,single,formal,4,4
OBFUSCATION,obfuscation_encoding,web_content,single,conversational,4,4
OBFUSCATION,obfuscation_encoding,web_content,single,structured_or_fabricated_instruction,4,4
UNAUTHORIZED_TOOL,privilege_exfil_unauthorized_tool,user_turn,single,formal,4,4
UNAUTHORIZED_TOOL,privilege_exfil_unauthorized_tool,user_turn,single,conversational,4,4
UNAUTHORIZED_TOOL,privilege_exfil_unauthorized_tool,user_turn,single,structured_or_fabricated_instruction,4,4
UNAUTHORIZED_TOOL,privilege_exfil_unauthorized_tool,email,single,formal,4,4
UNAUTHORIZED_TOOL,privilege_exfil_unauthorized_tool,email,single,conversational,4,4
UNAUTHORIZED_TOOL,privilege_exfil_unauthorized_tool,email,single,structured_or_fabricated_instruction,4,4
UNAUTHORIZED_TOOL,privilege_exfil_unauthorized_tool,retrieved_doc,single,formal,4,4
UNAUTHORIZED_TOOL,privilege_exfil_unauthorized_tool,retrieved_doc,single,conversational,4,4
UNAUTHORIZED_TOOL,privilege_exfil_unauthorized_tool,retrieved_doc,single,structured_or_fabricated_instruction,4,4
UNAUTHORIZED_TOOL,privilege_exfil_unauthorized_tool,tool_output,single,formal,4,4
UNAUTHORIZED_TOOL,privilege_exfil_unauthorized_tool,tool_output,single,conversational,4,4
UNAUTHORIZED_TOOL,privilege_exfil_unauthorized_tool,tool_output,single,structured_or_fabricated_instruction,4,4
UNAUTHORIZED_TOOL,privilege_exfil_unauthorized_tool,web_content,single,formal,4,4
UNAUTHORIZED_TOOL,privilege_exfil_unauthorized_tool,web_content,single,conversational,4,4
UNAUTHORIZED_TOOL,privilege_exfil_unauthorized_tool,web_content,single,structured_or_fabricated_instruction,4,4
SYSTEM_PROMPT_LEAKAGE,system_prompt_leakage,user_turn,single,formal,4,4
SYSTEM_PROMPT_LEAKAGE,system_prompt_leakage,user_turn,single,conversational,4,4
SYSTEM_PROMPT_LEAKAGE,system_prompt_leakage,user_turn,single,structured_or_fabricated_instruction,4,4
SYSTEM_PROMPT_LEAKAGE,system_prompt_leakage,retrieved_doc,single,formal,4,4
SYSTEM_PROMPT_LEAKAGE,system_prompt_leakage,retrieved_doc,single,conversational,4,4
SYSTEM_PROMPT_LEAKAGE,system_prompt_leakage,retrieved_doc,single,structured_or_fabricated_instruction,4,4
SYSTEM_PROMPT_LEAKAGE,system_prompt_leakage,web_content,single,formal,4,4
SYSTEM_PROMPT_LEAKAGE,system_prompt_leakage,web_content,single,conversational,4,4
SYSTEM_PROMPT_LEAKAGE,system_prompt_leakage,web_content,single,structured_or_fabricated_instruction,4,4
JAILBREAK_ROLEPLAY,jailbreak_roleplay,user_turn,single,formal,4,4
JAILBREAK_ROLEPLAY,jailbreak_roleplay,user_turn,single,conversational,4,4
JAILBREAK_ROLEPLAY,jailbreak_roleplay,user_turn,single,structured_or_fabricated_instruction,4,4
MULTI_TURN_PERSISTENCE,multi_turn_persistence,user_turn,multi,formal,20,20
MULTI_TURN_PERSISTENCE,multi_turn_persistence,user_turn,multi,conversational,20,20
MULTI_TURN_PERSISTENCE,multi_turn_persistence,user_turn,multi,structured_or_fabricated_instruction,20,20
MULTI_TURN_INJECTION,multi_turn_injection,email,multi,formal,5,5
MULTI_TURN_INJECTION,multi_turn_injection,email,multi,conversational,5,5
MULTI_TURN_INJECTION,multi_turn_injection,email,multi,structured_or_fabricated_instruction,5,5
MULTI_TURN_INJECTION,multi_turn_injection,retrieved_doc,multi,formal,5,5
MULTI_TURN_INJECTION,multi_turn_injection,retrieved_doc,multi,conversational,5,5
MULTI_TURN_INJECTION,multi_turn_injection,retrieved_doc,multi,structured_or_fabricated_instruction,5,5
MULTI_TURN_INJECTION,multi_turn_injection,tool_output,multi,formal,5,5
MULTI_TURN_INJECTION,multi_turn_injection,tool_output,multi,conversational,5,5
MULTI_TURN_INJECTION,multi_turn_injection,tool_output,multi,structured_or_fabricated_instruction,5,5
MULTI_TURN_INJECTION,multi_turn_injection,web_content,multi,formal,5,5
MULTI_TURN_INJECTION,multi_turn_injection,web_content,multi,conversational,5,5
MULTI_TURN_INJECTION,multi_turn_injection,web_content,multi,structured_or_fabricated_instruction,5,5
